predicted,actual
audi,audi
audi,audi
audi,audi
audi,audi
toyota,toyota
toyota,toyota
toyota,toyota
toyota,toyota
audi,audi
audi,audi
audi,audi
audi,audi
toyota,toyota
toyota,toyota
audi,audi
audi,audi
toyota,toyota
audi,audi
toyota,toyota
audi,audi
toyota,toyota
toyota,toyota
audi,audi
toyota,toyota
toyota,toyota
toyota,toyota
toyota,toyota
toyota,audi
toyota,toyota
audi,audi
toyota,toyota
toyota,toyota
audi,toyota
toyota,toyota
audi,audi
toyota,toyota
audi,audi
audi,audi
toyota,toyota
audi,audi
audi,audi
toyota,toyota
audi,audi
audi,audi
audi,audi
toyota,toyota
toyota,toyota
audi,audi
toyota,toyota
audi,audi
toyota,toyota
audi,audi
toyota,toyota
audi,audi
toyota,toyota
audi,audi
audi,audi
audi,audi
toyota,toyota
audi,audi
toyota,toyota
audi,audi
